[ 
  { "x":0, "y":350, "ancho":50, "alto":50},
  { "x":50, "y":350, "ancho":50, "alto":50},
  { "x":150, "y":350, "ancho":50, "alto":50},
  { "x":100, "y":350, "ancho":50, "alto":50},
  { "x":350, "y":350, "ancho":50, "alto":50},
  { "x":300, "y":350, "ancho":50, "alto":50},
  { "x":200, "y":350, "ancho":50, "alto":50},
  { "x":250, "y":350, "ancho":50, "alto":50},
  { "x":750, "y":350, "ancho":50, "alto":50},
  { "x":700, "y":350, "ancho":50, "alto":50},
  { "x":600, "y":350, "ancho":50, "alto":50},
  { "x":650, "y":350, "ancho":50, "alto":50},
  { "x":400, "y":350, "ancho":50, "alto":50},
  { "x":450, "y":350, "ancho":50, "alto":50},
  { "x":550, "y":350, "ancho":50, "alto":50},
  { "x":500, "y":350, "ancho":50, "alto":50},
  { "x":800, "y":350, "ancho":50, "alto":50},
  { "x":850, "y":350, "ancho":50, "alto":50},
  { "x":900, "y":350, "ancho":50, "alto":50},
  { "x":950, "y":350, "ancho":50, "alto":50},
  { "x":0, "y":200, "ancho":50, "alto":50},
  { "x":0, "y":150, "ancho":50, "alto":50},
  { "x":0, "y":50, "ancho":50, "alto":50},
  { "x":0, "y":100, "ancho":50, "alto":50},
  { "x":0, "y":0, "ancho":50, "alto":50},
  { "x":0, "y":0, "ancho":50, "alto":10},
  { "x":50, "y":0, "ancho":50, "alto":10},
  { "x":150, "y":0, "ancho":50, "alto":10},
  { "x":100, "y":0, "ancho":50, "alto":10},
  { "x":350, "y":0, "ancho":50, "alto":10},
  { "x":300, "y":0, "ancho":50, "alto":10},
  { "x":200, "y":0, "ancho":50, "alto":10},
  { "x":250, "y":0, "ancho":50, "alto":10},
  { "x":750, "y":0, "ancho":50, "alto":10},
  { "x":700, "y":0, "ancho":50, "alto":10},
  { "x":600, "y":0, "ancho":50, "alto":10},
  { "x":650, "y":0, "ancho":50, "alto":10},
  { "x":400, "y":0, "ancho":50, "alto":10},
  { "x":450, "y":0, "ancho":50, "alto":10},
  { "x":550, "y":0, "ancho":50, "alto":10},
  { "x":500, "y":0, "ancho":50, "alto":10},
  { "x":800, "y":0, "ancho":50, "alto":10},
  { "x":850, "y":0, "ancho":50, "alto":10},
  { "x":900, "y":0, "ancho":50, "alto":10},
  { "x":950, "y":0, "ancho":50, "alto":10},
  { "x":950, "y":200, "ancho":50, "alto":50},
  { "x":950, "y":150, "ancho":50, "alto":50},
  { "x":950, "y":100, "ancho":50, "alto":50},
  { "x":950, "y":250, "ancho":50, "alto":50},
  { "x":950, "y":300, "ancho":50, "alto":50},
  { "x":300, "y":150, "ancho":50, "alto":50},
  { "x":300, "y":200, "ancho":50, "alto":50},
  { "x":300, "y":300, "ancho":50, "alto":50},
  { "x":300, "y":250, "ancho":50, "alto":50},
  { "x":50, "y":230, "ancho":50, "alto":20},
  { "x":100, "y":230, "ancho":50, "alto":20},
  { "x":150, "y":230, "ancho":50, "alto":20},
  { "x":300, "y":100, "ancho":50, "alto":50},
  { "x":250, "y":100, "ancho":50, "alto":20},
  { "x":200, "y":100, "ancho":50, "alto":20},
  { "x":150, "y":100, "ancho":50, "alto":20},
  { "x":450, "y":150, "ancho":50, "alto":50},
  { "x":450, "y":100, "ancho":50, "alto":50},
  { "x":450, "y":0, "ancho":50, "alto":50},
  { "x":450, "y":50, "ancho":50, "alto":50},
  { "x":450, "y":200, "ancho":50, "alto":50},
  { "x":600, "y":150, "ancho":50, "alto":50},
  { "x":600, "y":200, "ancho":50, "alto":50},
  { "x":600, "y":300, "ancho":50, "alto":50},
  { "x":600, "y":250, "ancho":50, "alto":50},
  { "x":600, "y":100, "ancho":50, "alto":50},
  { "x":750.001, "y":150, "ancho":50, "alto":50},
  { "x":750, "y":100, "ancho":50, "alto":50},
  { "x":750, "y":0, "ancho":50, "alto":50},
  { "x":750, "y":50.015, "ancho":50, "alto":50},
  { "x":750.002, "y":199.989, "ancho":50, "alto":50},
  { "x":800, "y":150, "ancho":50, "alto":23},
  { "x":900, "y":100, "ancho":50, "alto":22},
  { "x":900, "y":277, "ancho":50, "alto":23},
  { "x":250, "y":275, "ancho":50, "alto":25},
  { "x":50, "y":147, "ancho":50, "alto":23},
  { "x":400, "y":150, "ancho":50, "alto":24},
  { "x":350, "y":227, "ancho":50, "alto":23},
  { "x":550, "y":277, "ancho":50, "alto":23},
  { "x":500, "y":200, "ancho":50, "alto":23},
  { "x":550, "y":120, "ancho":50, "alto":23},
  { "x":1950, "y":350, "ancho":50, "alto":50},
  { "x":1900, "y":350, "ancho":50, "alto":50},
  { "x":1800, "y":350, "ancho":50, "alto":50},
  { "x":1850, "y":350, "ancho":50, "alto":50},
  { "x":1600, "y":350, "ancho":50, "alto":50},
  { "x":1650, "y":350, "ancho":50, "alto":50},
  { "x":1750, "y":350, "ancho":50, "alto":50},
  { "x":1700, "y":350, "ancho":50, "alto":50},
  { "x":1200, "y":350, "ancho":50, "alto":50},
  { "x":1250, "y":350, "ancho":50, "alto":50},
  { "x":1350, "y":350, "ancho":50, "alto":50},
  { "x":1300, "y":350, "ancho":50, "alto":50},
  { "x":1550, "y":350, "ancho":50, "alto":50},
  { "x":1500, "y":350, "ancho":50, "alto":50},
  { "x":1400, "y":350, "ancho":50, "alto":50},
  { "x":1450, "y":350, "ancho":50, "alto":50},
  { "x":1150, "y":350, "ancho":50, "alto":50},
  { "x":1100, "y":350, "ancho":50, "alto":50},
  { "x":1050, "y":350, "ancho":50, "alto":50},
  { "x":1000, "y":350, "ancho":50, "alto":50},
  { "x":1950, "y":200, "ancho":50, "alto":50},
  { "x":1950, "y":150, "ancho":50, "alto":50},
  { "x":1950, "y":50, "ancho":50, "alto":50},
  { "x":1950, "y":100, "ancho":50, "alto":50},
  { "x":1950, "y":0, "ancho":50, "alto":50},
  { "x":1950, "y":0, "ancho":50, "alto":10},
  { "x":1900, "y":0, "ancho":50, "alto":10},
  { "x":1800, "y":0, "ancho":50, "alto":10},
  { "x":1850, "y":0, "ancho":50, "alto":10},
  { "x":1600, "y":0, "ancho":50, "alto":10},
  { "x":1650, "y":0, "ancho":50, "alto":10},
  { "x":1750, "y":0, "ancho":50, "alto":10},
  { "x":1700, "y":0, "ancho":50, "alto":10},
  { "x":1200, "y":0, "ancho":50, "alto":10},
  { "x":1250, "y":0, "ancho":50, "alto":10},
  { "x":1350, "y":0, "ancho":50, "alto":10},
  { "x":1300, "y":0, "ancho":50, "alto":10},
  { "x":1550, "y":0, "ancho":50, "alto":10},
  { "x":1500, "y":0, "ancho":50, "alto":10},
  { "x":1400, "y":0, "ancho":50, "alto":10},
  { "x":1450, "y":0, "ancho":50, "alto":10},
  { "x":1150, "y":0, "ancho":50, "alto":10},
  { "x":1100, "y":0, "ancho":50, "alto":10},
  { "x":1050, "y":0, "ancho":50, "alto":10},
  { "x":1000, "y":0, "ancho":50, "alto":10},
  { "x":1000, "y":200, "ancho":50, "alto":50},
  { "x":1000, "y":150, "ancho":50, "alto":50},
  { "x":1000, "y":100, "ancho":50, "alto":50},
  { "x":1000, "y":250, "ancho":50, "alto":50},
  { "x":1000, "y":300, "ancho":50, "alto":50},
  { "x":1650, "y":150, "ancho":50, "alto":50},
  { "x":1650, "y":200, "ancho":50, "alto":50},
  { "x":1650, "y":300, "ancho":50, "alto":50},
  { "x":1650, "y":250, "ancho":50, "alto":50},
  { "x":1900, "y":230, "ancho":50, "alto":20},
  { "x":1850, "y":230, "ancho":50, "alto":20},
  { "x":1800, "y":230, "ancho":50, "alto":20},
  { "x":1650, "y":100, "ancho":50, "alto":50},
  { "x":1700, "y":100, "ancho":50, "alto":20},
  { "x":1750, "y":100, "ancho":50, "alto":20},
  { "x":1800, "y":100, "ancho":50, "alto":20},
  { "x":1500, "y":150, "ancho":50, "alto":50},
  { "x":1500, "y":100, "ancho":50, "alto":50},
  { "x":1500, "y":0, "ancho":50, "alto":50},
  { "x":1500, "y":50, "ancho":50, "alto":50},
  { "x":1500, "y":200, "ancho":50, "alto":50},
  { "x":1350, "y":150, "ancho":50, "alto":50},
  { "x":1350, "y":200, "ancho":50, "alto":50},
  { "x":1350, "y":300, "ancho":50, "alto":50},
  { "x":1350, "y":250, "ancho":50, "alto":50},
  { "x":1350, "y":100, "ancho":50, "alto":50},
  { "x":1200, "y":150, "ancho":50, "alto":50},
  { "x":1200, "y":100, "ancho":50, "alto":50},
  { "x":1200, "y":0, "ancho":50, "alto":50},
  { "x":1200, "y":50, "ancho":50, "alto":50},
  { "x":1200, "y":200, "ancho":50, "alto":50},
  { "x":1150, "y":200, "ancho":50, "alto":23},
  { "x":1050, "y":100, "ancho":50, "alto":22},
  { "x":1050, "y":257, "ancho":50, "alto":23},
  { "x":1700, "y":275, "ancho":50, "alto":25},
  { "x":1900, "y":147, "ancho":50, "alto":23},
  { "x":1550, "y":120, "ancho":50, "alto":24},
  { "x":1300, "y":277, "ancho":50, "alto":23},
  { "x":1450, "y":200, "ancho":50, "alto":23},
  { "x":1250, "y":120, "ancho":50, "alto":23},
  { "x":2000, "y":350, "ancho":50, "alto":50},
  { "x":2050, "y":350, "ancho":50, "alto":50},
  { "x":2150, "y":350, "ancho":50, "alto":50},
  { "x":2100, "y":350, "ancho":50, "alto":50},
  { "x":2350, "y":350, "ancho":50, "alto":50},
  { "x":2300, "y":350, "ancho":50, "alto":50},
  { "x":2200, "y":350, "ancho":50, "alto":50},
  { "x":2250, "y":350, "ancho":50, "alto":50},
  { "x":2750, "y":350, "ancho":50, "alto":50},
  { "x":2700, "y":350, "ancho":50, "alto":50},
  { "x":2600, "y":350, "ancho":50, "alto":50},
  { "x":2650, "y":350, "ancho":50, "alto":50},
  { "x":2400, "y":350, "ancho":50, "alto":50},
  { "x":2450, "y":350, "ancho":50, "alto":50},
  { "x":2550, "y":350, "ancho":50, "alto":50},
  { "x":2500, "y":350, "ancho":50, "alto":50},
  { "x":2800, "y":350, "ancho":50, "alto":50},
  { "x":2850, "y":350, "ancho":50, "alto":50},
  { "x":2900, "y":350, "ancho":50, "alto":50},
  { "x":2950, "y":350, "ancho":50, "alto":50},
  { "x":2000, "y":200, "ancho":50, "alto":50},
  { "x":2000, "y":150, "ancho":50, "alto":50},
  { "x":2000, "y":50, "ancho":50, "alto":50},
  { "x":2000, "y":100, "ancho":50, "alto":50},
  { "x":2000, "y":0, "ancho":50, "alto":50},
  { "x":2000, "y":0, "ancho":50, "alto":10},
  { "x":2050, "y":0, "ancho":50, "alto":10},
  { "x":2150, "y":0, "ancho":50, "alto":10},
  { "x":2100, "y":0, "ancho":50, "alto":10},
  { "x":2350, "y":0, "ancho":50, "alto":10},
  { "x":2300, "y":0, "ancho":50, "alto":10},
  { "x":2200, "y":0, "ancho":50, "alto":10},
  { "x":2250, "y":0, "ancho":50, "alto":10},
  { "x":2750, "y":0, "ancho":50, "alto":10},
  { "x":2700, "y":0, "ancho":50, "alto":10},
  { "x":2600, "y":0, "ancho":50, "alto":10},
  { "x":2650, "y":0, "ancho":50, "alto":10},
  { "x":2400, "y":0, "ancho":50, "alto":10},
  { "x":2450, "y":0, "ancho":50, "alto":10},
  { "x":2550, "y":0, "ancho":50, "alto":10},
  { "x":2500, "y":0, "ancho":50, "alto":10},
  { "x":2800, "y":0, "ancho":50, "alto":10},
  { "x":2850, "y":0, "ancho":50, "alto":10},
  { "x":2900, "y":0, "ancho":50, "alto":10},
  { "x":2950, "y":0, "ancho":50, "alto":10},
  { "x":2950, "y":200, "ancho":50, "alto":50},
  { "x":2950, "y":150, "ancho":50, "alto":50},
  { "x":2950, "y":100, "ancho":50, "alto":50},
  { "x":2950, "y":250, "ancho":50, "alto":50},
  { "x":2950, "y":300, "ancho":50, "alto":50},
  { "x":2300, "y":150, "ancho":50, "alto":50},
  { "x":2300, "y":200, "ancho":50, "alto":50},
  { "x":2300, "y":300, "ancho":50, "alto":50},
  { "x":2300, "y":250, "ancho":50, "alto":50},
  { "x":2050, "y":230, "ancho":50, "alto":20},
  { "x":2100, "y":230, "ancho":50, "alto":20},
  { "x":2150, "y":230, "ancho":50, "alto":20},
  { "x":2300, "y":100, "ancho":50, "alto":50},
  { "x":2250, "y":100, "ancho":50, "alto":20},
  { "x":2200, "y":100, "ancho":50, "alto":20},
  { "x":2150, "y":100, "ancho":50, "alto":20},
  { "x":2450, "y":150, "ancho":50, "alto":50},
  { "x":2450, "y":100, "ancho":50, "alto":50},
  { "x":2450, "y":0, "ancho":50, "alto":50},
  { "x":2450, "y":50, "ancho":50, "alto":50},
  { "x":2450, "y":200, "ancho":50, "alto":50},
  { "x":2600, "y":150, "ancho":50, "alto":50},
  { "x":2600, "y":200, "ancho":50, "alto":50},
  { "x":2600, "y":300, "ancho":50, "alto":50},
  { "x":2600, "y":250, "ancho":50, "alto":50},
  { "x":2600, "y":100, "ancho":50, "alto":50},
  { "x":2750, "y":150, "ancho":50, "alto":50},
  { "x":2750, "y":100, "ancho":50, "alto":50},
  { "x":2750, "y":0, "ancho":50, "alto":50},
  { "x":2750, "y":50, "ancho":50, "alto":50},
  { "x":2750, "y":200, "ancho":50, "alto":50},
  { "x":2900, "y":170, "ancho":50, "alto":23},
  { "x":2900, "y":100, "ancho":50, "alto":22},
  { "x":2900, "y":277, "ancho":50, "alto":23},
  { "x":2250, "y":275, "ancho":50, "alto":25},
  { "x":2050, "y":147, "ancho":50, "alto":23},
  { "x":2400, "y":120, "ancho":50, "alto":24},
  { "x":2350, "y":227, "ancho":50, "alto":23},
  { "x":2550, "y":277, "ancho":50, "alto":23},
  { "x":2500, "y":200, "ancho":50, "alto":23},
  { "x":2550, "y":120, "ancho":50, "alto":23},
  { "x":800, "y":228.972, "ancho":50, "alto":21},
  { "x":1250, "y":200, "ancho":50, "alto":23},
  { "x":1550, "y":200, "ancho":50, "alto":24},
  { "x":1601, "y":280, "ancho":50, "alto":23},
  { "x":2800, "y":200, "ancho":50, "alto":23},
  { "x":0, "y":450, "ancho":50, "alto":50},
  { "x":50, "y":450, "ancho":50, "alto":50},
  { "x":150, "y":450, "ancho":50, "alto":50},
  { "x":100, "y":450, "ancho":50, "alto":50},
  { "x":350, "y":450, "ancho":50, "alto":50},
  { "x":300, "y":450, "ancho":50, "alto":50},
  { "x":200, "y":450, "ancho":50, "alto":50},
  { "x":250, "y":450, "ancho":50, "alto":50},
  { "x":750, "y":450, "ancho":50, "alto":50},
  { "x":700, "y":450, "ancho":50, "alto":50},
  { "x":600, "y":450, "ancho":50, "alto":50},
  { "x":650, "y":450, "ancho":50, "alto":50},
  { "x":400, "y":450, "ancho":50, "alto":50},
  { "x":450, "y":450, "ancho":50, "alto":50},
  { "x":550, "y":450, "ancho":50, "alto":50},
  { "x":500, "y":450, "ancho":50, "alto":50},
  { "x":800, "y":450, "ancho":50, "alto":50},
  { "x":850, "y":450, "ancho":50, "alto":50},
  { "x":900, "y":450, "ancho":50, "alto":50},
  { "x":950, "y":450, "ancho":50, "alto":50},
  { "x":1950, "y":450, "ancho":50, "alto":50},
  { "x":1900, "y":450, "ancho":50, "alto":50},
  { "x":1800, "y":450, "ancho":50, "alto":50},
  { "x":1850, "y":450, "ancho":50, "alto":50},
  { "x":1600, "y":450, "ancho":50, "alto":50},
  { "x":1650, "y":450, "ancho":50, "alto":50},
  { "x":1750, "y":450, "ancho":50, "alto":50},
  { "x":1700, "y":450, "ancho":50, "alto":50},
  { "x":1200, "y":450, "ancho":50, "alto":50},
  { "x":1250, "y":450, "ancho":50, "alto":50},
  { "x":1350, "y":450, "ancho":50, "alto":50},
  { "x":1300, "y":450, "ancho":50, "alto":50},
  { "x":1550, "y":450, "ancho":50, "alto":50},
  { "x":1500, "y":450, "ancho":50, "alto":50},
  { "x":1400, "y":450, "ancho":50, "alto":50},
  { "x":1450, "y":450, "ancho":50, "alto":50},
  { "x":1150, "y":450, "ancho":50, "alto":50},
  { "x":1100, "y":450, "ancho":50, "alto":50},
  { "x":1050, "y":450, "ancho":50, "alto":50},
  { "x":1000, "y":450, "ancho":50, "alto":50},
  { "x":2000, "y":450, "ancho":50, "alto":50},
  { "x":2050, "y":450, "ancho":50, "alto":50},
  { "x":2150, "y":450, "ancho":50, "alto":50},
  { "x":2100, "y":450, "ancho":50, "alto":50},
  { "x":2350, "y":450, "ancho":50, "alto":50},
  { "x":2300, "y":450, "ancho":50, "alto":50},
  { "x":2200, "y":450, "ancho":50, "alto":50},
  { "x":2250, "y":450, "ancho":50, "alto":50},
  { "x":2750, "y":450, "ancho":50, "alto":50},
  { "x":2700, "y":450, "ancho":50, "alto":50},
  { "x":2600, "y":450, "ancho":50, "alto":50},
  { "x":2650, "y":450, "ancho":50, "alto":50},
  { "x":2400, "y":450, "ancho":50, "alto":50},
  { "x":2450, "y":450, "ancho":50, "alto":50},
  { "x":2550, "y":450, "ancho":50, "alto":50},
  { "x":2500, "y":450, "ancho":50, "alto":50},
  { "x":2800, "y":450, "ancho":50, "alto":50},
  { "x":2850, "y":450, "ancho":50, "alto":50},
  { "x":2900, "y":450, "ancho":50, "alto":50},
  { "x":2950, "y":450, "ancho":50, "alto":50},
  { "x":0, "y":400, "ancho":50, "alto":50},
  { "x":50, "y":400, "ancho":50, "alto":50},
  { "x":150, "y":400, "ancho":50, "alto":50},
  { "x":100, "y":400, "ancho":50, "alto":50},
  { "x":350, "y":400, "ancho":50, "alto":50},
  { "x":300, "y":400, "ancho":50, "alto":50},
  { "x":200, "y":400, "ancho":50, "alto":50},
  { "x":250, "y":400, "ancho":50, "alto":50},
  { "x":750, "y":400, "ancho":50, "alto":50},
  { "x":700, "y":400, "ancho":50, "alto":50},
  { "x":600, "y":400, "ancho":50, "alto":50},
  { "x":650, "y":400, "ancho":50, "alto":50},
  { "x":400, "y":400, "ancho":50, "alto":50},
  { "x":450, "y":400, "ancho":50, "alto":50},
  { "x":550, "y":400, "ancho":50, "alto":50},
  { "x":500, "y":400, "ancho":50, "alto":50},
  { "x":800, "y":400, "ancho":50, "alto":50},
  { "x":850, "y":400, "ancho":50, "alto":50},
  { "x":900, "y":400, "ancho":50, "alto":50},
  { "x":950, "y":400, "ancho":50, "alto":50},
  { "x":1950, "y":400, "ancho":50, "alto":50},
  { "x":1900, "y":400, "ancho":50, "alto":50},
  { "x":1800, "y":400, "ancho":50, "alto":50},
  { "x":1850, "y":400, "ancho":50, "alto":50},
  { "x":1600, "y":400, "ancho":50, "alto":50},
  { "x":1650, "y":400, "ancho":50, "alto":50},
  { "x":1750, "y":400, "ancho":50, "alto":50},
  { "x":1700, "y":400, "ancho":50, "alto":50},
  { "x":1200, "y":400, "ancho":50, "alto":50},
  { "x":1250, "y":400, "ancho":50, "alto":50},
  { "x":1350, "y":400, "ancho":50, "alto":50},
  { "x":1300, "y":400, "ancho":50, "alto":50},
  { "x":1550, "y":400, "ancho":50, "alto":50},
  { "x":1500, "y":400, "ancho":50, "alto":50},
  { "x":1400, "y":400, "ancho":50, "alto":50},
  { "x":1450, "y":400, "ancho":50, "alto":50},
  { "x":1150, "y":400, "ancho":50, "alto":50},
  { "x":1100, "y":400, "ancho":50, "alto":50},
  { "x":1050, "y":400, "ancho":50, "alto":50},
  { "x":1000, "y":400, "ancho":50, "alto":50},
  { "x":2000, "y":400, "ancho":50, "alto":50},
  { "x":2050, "y":400, "ancho":50, "alto":50},
  { "x":2150, "y":400, "ancho":50, "alto":50},
  { "x":2100, "y":400, "ancho":50, "alto":50},
  { "x":2350, "y":400, "ancho":50, "alto":50},
  { "x":2300, "y":400, "ancho":50, "alto":50},
  { "x":2200, "y":400, "ancho":50, "alto":50},
  { "x":2250, "y":400, "ancho":50, "alto":50},
  { "x":2750, "y":400, "ancho":50, "alto":50},
  { "x":2700, "y":400, "ancho":50, "alto":50},
  { "x":2600, "y":400, "ancho":50, "alto":50},
  { "x":2650, "y":400, "ancho":50, "alto":50},
  { "x":2400, "y":400, "ancho":50, "alto":50},
  { "x":2450, "y":400, "ancho":50, "alto":50},
  { "x":2550, "y":400, "ancho":50, "alto":50},
  { "x":2500, "y":400, "ancho":50, "alto":50},
  { "x":2800, "y":400, "ancho":50, "alto":50},
  { "x":2850, "y":400, "ancho":50, "alto":50},
  { "x":2900, "y":400, "ancho":50, "alto":50},
  { "x":2950, "y":400, "ancho":50, "alto":50}

]