[ 
  { "x":156, "y":277, "ancho":84, "alto":73},
  { "x":245, "y":30, "ancho":85, "alto":70},
  { "x":450, "y":270, "ancho":85, "alto":80},
  { "x":793, "y":272, "ancho":85, "alto":79},
  { "x":725, "y":305, "ancho":85, "alto":45},
  { "x":1123, "y":271, "ancho":85, "alto":79},
  { "x":1190, "y":305, "ancho":85, "alto":45},
  { "x":1465, "y":271, "ancho":85, "alto":79},
  { "x":1671, "y":30, "ancho":85, "alto":70},
  { "x":1760, "y":280, "ancho":85, "alto":70},
  { "x":2155, "y":280, "ancho":85, "alto":70},
  { "x":2246, "y":30, "ancho":85, "alto":70},
  { "x":2445, "y":273, "ancho":85, "alto":77},
  { "x":2790, "y":273, "ancho":85, "alto":77},
  { "x":2725, "y":310, "ancho":85, "alto":40}
]