[ { "x":0, "y":260, "ancho":37, "alto":78},
  { "x":182, "y":214, "ancho":31, "alto":65},
  { "x":247, "y":201, "ancho":46, "alto":93},
  { "x":341, "y":279, "ancho":36, "alto":77},
  { "x":535, "y":273, "ancho":36, "alto":77},
  { "x":599, "y":203, "ancho":36, "alto":61},
  { "x":713, "y":189, "ancho":37, "alto":75},
  { "x":749, "y":189, "ancho":37, "alto":75},
  { "x":952, "y":315, "ancho":37, "alto":72},
  { "x":1280, "y":262, "ancho":47, "alto":96},
  { "x":1342, "y":279, "ancho":37, "alto":78},
  { "x":1556, "y":269, "ancho":42, "alto":89},
  { "x":1719, "y":269, "ancho":42, "alto":89},
  { "x":1761, "y":269, "ancho":42, "alto":89},
  { "x":1924, "y":280, "ancho":42, "alto":89},
  { "x":2014, "y":281, "ancho":42, "alto":89},
  { "x":2325, "y":118, "ancho":42, "alto":89}]