[ { "x":0, "y":373, "ancho":333, "alto":127},
  { "x":333, "y":373, "ancho":333, "alto":127},
  { "x":666, "y":373, "ancho":333, "alto":127},
  { "x":1665, "y":373, "ancho":333, "alto":127},
  { "x":1332, "y":373, "ancho":333, "alto":127},
  { "x":999, "y":373, "ancho":333, "alto":127},
  { "x":2664, "y":373, "ancho":333, "alto":127},
  { "x":2331, "y":373, "ancho":333, "alto":127},
  { "x":1998, "y":373, "ancho":333, "alto":127},
  { "x":489, "y":220, "ancho":85, "alto":46},
  { "x":648, "y":143, "ancho":85, "alto":46},
  { "x":1146, "y":220, "ancho":85, "alto":46},
  { "x":1304, "y":220, "ancho":85, "alto":46},
  { "x":1477, "y":220, "ancho":85, "alto":46},
  { "x":2139, "y":220, "ancho":85, "alto":46},
  { "x":2348, "y":142, "ancho":85, "alto":46},
  { "x":2613, "y":220, "ancho":85, "alto":46}

]