[   
	{ "x":0, "y":338, "ancho":66, "alto":162},
	{ "x":160, "y":278, "ancho":66, "alto":222},
	{ "x":227, "y":294, "ancho":66, "alto":206},
	{ "x":0, "y":389, "ancho":223, "alto":111},
	{ "x":160, "y":356, "ancho":223, "alto":144},
	{ "x":435, "y":245, "ancho":66, "alto":255},
	{ "x":522, "y":350, "ancho":67.388, "alto":150},
	{ "x":401, "y":393, "ancho":66, "alto":107},
	{ "x":589, "y":265, "ancho":200, "alto":235},
	{ "x":864, "y":414, "ancho":66, "alto":86},
	{ "x":921, "y":387, "ancho":66, "alto":113},
	{ "x":1078, "y":387, "ancho":173, "alto":113},
	{ "x":1251, "y":357, "ancho":173, "alto":143},
	{ "x":1518, "y":357, "ancho":79, "alto":143},
	{ "x":1690, "y":357, "ancho":117, "alto":143},
	{ "x":1807, "y":281, "ancho":69, "alto":219},
	{ "x":1921, "y":368, "ancho":155, "alto":132},
	{ "x":2145, "y":307, "ancho":69, "alto":193},
	{ "x":2320, "y":205, "ancho":155, "alto":295},
	{ "x":2436, "y":125.984, "ancho":155, "alto":374.016},
	{ "x":2280, "y":364.082, "ancho":155, "alto":135.918},
	{ "x":2690, "y":0, "ancho":310, "alto":156},
	{ "x":2690, "y":288, "ancho":310, "alto":212}
]
