[ { "x":0, "y":373, "ancho":333, "alto":127},
  { "x":333, "y":373, "ancho":333, "alto":127},
  { "x":666, "y":373, "ancho":333, "alto":127},
  { "x":1665, "y":373, "ancho":333, "alto":127},
  { "x":1332, "y":373, "ancho":333, "alto":127},
  { "x":999, "y":373, "ancho":333, "alto":127},
  { "x":2664, "y":373, "ancho":333, "alto":127},
  { "x":2331, "y":373, "ancho":333, "alto":127},
  { "x":1998, "y":373, "ancho":333, "alto":127},
  { "x":504.014, "y":279.368, "ancho":85, "alto":46},
  { "x":648.133, "y":234.222, "ancho":85, "alto":46},
  { "x":1161.014, "y":279.368, "ancho":85, "alto":46},
  { "x":1319.014, "y":279.368, "ancho":85, "alto":46},
  { "x":1492.014, "y":279.368, "ancho":85, "alto":46},
  { "x":2154.014, "y":279.368, "ancho":85, "alto":46},
  { "x":2304.192, "y":234.058, "ancho":85, "alto":46},
  { "x":2628.014, "y":279.368, "ancho":85, "alto":46}

]