[   
	{ "x":0, "y":0, "ancho":3000, "alto":10},
	{ "x":800, "y":230, "ancho":37.157, "alto":10},
	{ "x":920, "y":100, "ancho":160, "alto":10},
	{ "x":930, "y":277, "ancho":20, "alto":10},
	{ "x":280, "y":275, "ancho":20, "alto":10},
	{ "x":50, "y":147, "ancho":20, "alto":10},
	{ "x":430, "y":150, "ancho":20, "alto":10},
	{ "x":350, "y":227, "ancho":20, "alto":10},
	{ "x":570, "y":277, "ancho":30, "alto":10},
	{ "x":500, "y":200, "ancho":20, "alto":10},
	{ "x":580, "y":120, "ancho":20, "alto":10},
	{ "x":1180, "y":200, "ancho":20, "alto":10},
	{ "x":1050, "y":257, "ancho":20, "alto":10},
	{ "x":1700, "y":275, "ancho":20, "alto":10},
	{ "x":1930, "y":147, "ancho":20, "alto":10},
	{ "x":1550, "y":120, "ancho":20, "alto":10},
	{ "x":1630, "y":277, "ancho":20, "alto":10},
	{ "x":1330, "y":277, "ancho":20, "alto":10},
	{ "x":1480, "y":200, "ancho":20, "alto":10},
	{ "x":1250, "y":200, "ancho":20, "alto":10},
	{ "x":2800, "y":200, "ancho":20, "alto":10},
	{ "x":2920, "y":100, "ancho":80, "alto":10},
	{ "x":2930, "y":277, "ancho":20, "alto":10},
	{ "x":2280, "y":275, "ancho":20, "alto":10},
	{ "x":2050, "y":147, "ancho":20, "alto":10},
	{ "x":2430, "y":120, "ancho":20, "alto":10},
	{ "x":2350, "y":227, "ancho":20, "alto":10},
	{ "x":2580, "y":277, "ancho":20, "alto":10},
	{ "x":2500, "y":200, "ancho":20, "alto":10},
	{ "x":2580, "y":120, "ancho":20, "alto":10},
	{ "x":0, "y":0, "ancho":50, "alto":250},
	{ "x":300, "y":110, "ancho":50, "alto":240},
	{ "x":50, "y":230, "ancho":130, "alto":10},
	{ "x":170, "y":100, "ancho":180, "alto":10},
	{ "x":450, "y":0, "ancho":50, "alto":240},
	{ "x":600, "y":100, "ancho":50, "alto":250},
	{ "x":750, "y":0, "ancho":50, "alto":240},
	{ "x":950, "y":110, "ancho":100, "alto":240},
	{ "x":1200, "y":0, "ancho":50, "alto":240},
	{ "x":1350, "y":100, "ancho":50, "alto":250},
	{ "x":1500, "y":0, "ancho":50, "alto":240},
	{ "x":1650, "y":110, "ancho":50, "alto":240},
	{ "x":1950, "y":0, "ancho":100, "alto":240},
	{ "x":1650, "y":100, "ancho":170, "alto":10},
	{ "x":1830, "y":230, "ancho":120, "alto":10},
	{ "x":2050, "y":230, "ancho":120, "alto":10},
	{ "x":2300, "y":110, "ancho":50, "alto":240},
	{ "x":2600, "y":100, "ancho":50, "alto":250},
	{ "x":2450, "y":0, "ancho":50, "alto":240},
	{ "x":2180, "y":100, "ancho":170, "alto":10},
	{ "x":2750, "y":0, "ancho":50, "alto":240},
	{ "x":2950, "y":110, "ancho":50, "alto":240},
	{ "x":800, "y":150, "ancho":11.422, "alto":10},
	{ "x":1250, "y":120, "ancho":20, "alto":10},
	{ "x":1550, "y":200, "ancho":20, "alto":10},
	{ "x":2930, "y":170, "ancho":20, "alto":10},
	{ "x":460, "y":240, "ancho":30, "alto":10},
	{ "x":760, "y":240, "ancho":30, "alto":10},
	{ "x":1210, "y":240, "ancho":30, "alto":10},
	{ "x":1510, "y":240, "ancho":30, "alto":10},
	{ "x":1970, "y":240, "ancho":59, "alto":10},
	{ "x":2460, "y":240, "ancho":30, "alto":10},
	{ "x":2759, "y":240, "ancho":33, "alto":10},
	{ "x":0, "y":350, "ancho":3000, "alto":150}
]
