[   
	{ "x":0, "y":338.496, "ancho":66, "alto":10},
	{ "x":160, "y":277.5, "ancho":66, "alto":10},
	{ "x":227, "y":292.5, "ancho":66, "alto":10},
	{ "x":0, "y":388.575, "ancho":223, "alto":10},
	{ "x":160, "y":354.5, "ancho":223, "alto":10},
	{ "x":435, "y":245.492, "ancho":66, "alto":10},
	{ "x":522, "y":348.5, "ancho":66, "alto":10},
	{ "x":401, "y":390.5, "ancho":66, "alto":10},
	{ "x":589, "y":261, "ancho":200, "alto":240.455},
	{ "x":864, "y":413.5, "ancho":66, "alto":10},
	{ "x":921, "y":386.5, "ancho":66, "alto":10},
	{ "x":1078, "y":386.5, "ancho":173, "alto":10},
	{ "x":1251, "y":356.5, "ancho":173, "alto":10},
	{ "x":1518, "y":356.5, "ancho":79, "alto":10},
	{ "x":1690, "y":356.5, "ancho":117, "alto":10},
	{ "x":1807, "y":278, "ancho":69, "alto":221.59},
	{ "x":1921, "y":367.5, "ancho":155, "alto":10},
	{ "x":2145, "y":306.5, "ancho":69, "alto":10},
	{ "x":2320, "y":204.5, "ancho":117, "alto":10},
	{ "x":2437.333, "y":125.667, "ancho":155, "alto":374.73},
	{ "x":2279.36, "y":363.833, "ancho":157.67, "alto":10},
	{ "x":2690, "y":0, "ancho":310, "alto":155.48},
	{ "x":2690, "y":286.56, "ancho":310, "alto":10}
]
